datetime,precipitation,rain_mm,visibility_m,cloudcover_pct,windspeed_kmh,temperature_c,weather_risk_score
2026-04-07 00:00:00,0.0,0.0,10000,0,3.5,26.2,0.0
2026-04-07 01:00:00,0.0,0.0,10000,0,6.5,25.2,0.0
2026-04-07 02:00:00,0.0,0.0,10000,0,6.9,24.5,0.0
2026-04-07 03:00:00,0.0,0.0,10000,0,7.4,24.0,0.0
2026-04-07 04:00:00,0.0,0.0,10000,0,7.9,23.9,0.0
2026-04-07 05:00:00,0.0,0.0,10000,0,8.7,24.0,0.0
2026-04-07 06:00:00,0.0,0.0,10000,0,10.8,24.5,0.0
2026-04-07 07:00:00,0.0,0.0,10000,0,13.1,26.2,0.0
2026-04-07 08:00:00,0.0,0.0,10000,0,16.2,28.4,0.0
2026-04-07 09:00:00,0.0,0.0,10000,0,14.4,30.9,0.0
2026-04-07 10:00:00,0.0,0.0,10000,0,13.1,33.0,0.0
2026-04-07 11:00:00,0.0,0.0,10000,0,9.5,33.7,0.0
2026-04-07 12:00:00,0.0,0.0,10000,0,7.0,35.0,0.0
2026-04-07 13:00:00,0.0,0.0,10000,0,6.9,35.8,0.0
2026-04-07 14:00:00,0.0,0.0,10000,0,7.1,36.2,0.0
2026-04-07 15:00:00,0.0,0.0,10000,0,5.2,36.5,0.0
2026-04-07 16:00:00,0.0,0.0,10000,0,6.6,36.5,0.0
2026-04-07 17:00:00,0.0,0.0,10000,0,7.0,35.8,0.0
2026-04-07 18:00:00,0.0,0.0,10000,0,6.1,32.7,0.0
2026-04-07 19:00:00,0.0,0.0,10000,0,7.7,31.7,0.0
2026-04-07 20:00:00,0.0,0.0,10000,0,7.6,30.2,0.0
2026-04-07 21:00:00,0.0,0.0,10000,0,5.1,28.3,0.0
2026-04-07 22:00:00,0.0,0.0,10000,0,3.6,26.9,0.0
2026-04-07 23:00:00,0.0,0.0,10000,0,9.4,27.1,0.0
2026-04-08 00:00:00,0.0,0.0,10000,0,8.4,27.0,0.0
2026-04-08 01:00:00,0.0,0.0,10000,0,7.3,25.8,0.0
2026-04-08 02:00:00,0.0,0.0,10000,0,4.8,25.1,0.0
2026-04-08 03:00:00,0.0,0.0,10000,0,1.2,24.8,0.0
2026-04-08 04:00:00,0.0,0.0,10000,0,9.0,24.4,0.0
2026-04-08 05:00:00,0.0,0.0,10000,0,7.3,23.6,0.0
2026-04-08 06:00:00,0.0,0.0,10000,0,6.3,24.1,0.0
2026-04-08 07:00:00,0.0,0.0,10000,0,7.3,26.5,0.0
2026-04-08 08:00:00,0.0,0.0,10000,0,9.4,29.2,0.0
2026-04-08 09:00:00,0.0,0.0,10000,1,9.9,31.5,0.0
2026-04-08 10:00:00,0.0,0.0,10000,0,10.7,33.5,0.0
2026-04-08 11:00:00,0.0,0.0,10000,0,8.6,34.3,0.0
2026-04-08 12:00:00,0.0,0.0,10000,0,6.6,35.6,0.0
2026-04-08 13:00:00,0.0,0.0,10000,0,5.7,36.5,0.0
2026-04-08 14:00:00,0.0,0.0,10000,0,6.6,37.0,0.0
2026-04-08 15:00:00,0.0,0.0,10000,1,6.9,37.2,0.0
2026-04-08 16:00:00,0.0,0.0,10000,5,6.8,37.2,0.0
2026-04-08 17:00:00,0.0,0.0,10000,1,4.4,36.7,0.0
2026-04-08 18:00:00,0.0,0.0,10000,1,4.8,33.8,0.0
2026-04-08 19:00:00,0.0,0.0,10000,2,11.9,32.9,0.0
2026-04-08 20:00:00,0.0,0.0,10000,0,7.2,31.1,0.0
2026-04-08 21:00:00,0.0,0.0,10000,0,0.6,30.2,0.0
2026-04-08 22:00:00,0.0,0.0,10000,0,4.4,28.4,0.0
2026-04-08 23:00:00,0.0,0.0,10000,1,3.1,28.3,0.0
2026-04-09 00:00:00,0.0,0.0,10000,5,2.3,27.5,0.0
2026-04-09 01:00:00,0.0,0.0,10000,3,4.8,26.3,0.0
2026-04-09 02:00:00,0.0,0.0,10000,0,6.1,26.1,0.0
2026-04-09 03:00:00,0.0,0.0,10000,0,9.7,26.4,0.0
2026-04-09 04:00:00,0.0,0.0,10000,0,7.6,25.5,0.0
2026-04-09 05:00:00,0.0,0.0,10000,0,11.8,26.6,0.0
2026-04-09 06:00:00,0.0,0.0,10000,0,10.9,27.4,0.0
2026-04-09 07:00:00,0.0,0.0,10000,0,9.7,28.9,0.0
2026-04-09 08:00:00,0.0,0.0,10000,0,11.0,31.0,0.0
2026-04-09 09:00:00,0.0,0.0,10000,0,12.6,33.0,0.0
2026-04-09 10:00:00,0.0,0.0,10000,0,11.2,34.8,0.0
2026-04-09 11:00:00,0.0,0.0,10000,0,6.9,35.2,0.0
2026-04-09 12:00:00,0.0,0.0,10000,0,4.3,36.4,0.0
2026-04-09 13:00:00,0.0,0.0,10000,16,7.6,37.5,0.0
2026-04-09 14:00:00,0.0,0.0,10000,4,11.7,37.3,0.0
2026-04-09 15:00:00,0.0,0.0,10000,1,6.7,37.0,0.0
2026-04-09 16:00:00,0.0,0.0,10000,6,11.1,37.9,0.0
2026-04-09 17:00:00,0.0,0.0,10000,5,7.6,36.8,0.0
2026-04-09 18:00:00,0.0,0.0,10000,0,3.7,34.0,0.0
2026-04-09 19:00:00,0.0,0.0,10000,0,6.6,32.0,0.0
2026-04-09 20:00:00,0.0,0.0,10000,0,5.6,31.0,0.0
2026-04-09 21:00:00,0.0,0.0,10000,0,7.6,29.8,0.0
2026-04-09 22:00:00,0.0,0.0,10000,0,6.7,28.4,0.0
2026-04-09 23:00:00,0.0,0.0,10000,0,5.4,27.9,0.0
2026-04-10 00:00:00,0.0,0.0,10000,0,8.0,27.9,0.0
2026-04-10 01:00:00,0.0,0.0,10000,0,8.2,27.8,0.0
2026-04-10 02:00:00,0.0,0.0,10000,0,6.9,26.9,0.0
2026-04-10 03:00:00,0.0,0.0,10000,0,13.7,26.5,0.0
2026-04-10 04:00:00,0.0,0.0,10000,0,5.0,25.8,0.0
2026-04-10 05:00:00,0.0,0.0,10000,0,4.9,25.6,0.0
2026-04-10 06:00:00,0.0,0.0,10000,0,7.3,26.4,0.0
2026-04-10 07:00:00,0.0,0.0,10000,0,9.6,28.7,0.0
2026-04-10 08:00:00,0.0,0.0,10000,0,9.9,31.7,0.0
2026-04-10 09:00:00,0.0,0.0,10000,0,8.1,33.6,0.0
2026-04-10 10:00:00,0.0,0.0,10000,28,7.9,35.2,0.0
2026-04-10 11:00:00,0.0,0.0,10000,5,7.8,35.5,0.0
2026-04-10 12:00:00,0.0,0.0,10000,38,6.1,36.8,0.0
2026-04-10 13:00:00,0.0,0.0,10000,5,4.5,37.3,0.0
2026-04-10 14:00:00,0.0,0.0,10000,7,3.4,37.7,0.0
2026-04-10 15:00:00,0.0,0.0,10000,4,4.0,37.8,0.0
2026-04-10 16:00:00,0.0,0.0,10000,1,6.7,37.6,0.0
2026-04-10 17:00:00,0.0,0.0,10000,1,9.2,37.2,0.0
2026-04-10 18:00:00,0.0,0.0,10000,5,8.1,35.0,0.0
2026-04-10 19:00:00,0.0,0.0,10000,16,6.3,33.2,0.0
2026-04-10 20:00:00,0.0,0.0,10000,31,5.9,31.6,0.0
2026-04-10 21:00:00,0.0,0.0,10000,16,13.7,31.0,0.0
2026-04-10 22:00:00,0.0,0.0,10000,20,14.5,31.2,0.0
2026-04-10 23:00:00,0.0,0.0,10000,13,14.8,31.0,0.0
2026-04-11 00:00:00,0.0,0.0,10000,0,12.1,30.1,0.0
2026-04-11 01:00:00,0.0,0.0,10000,0,11.5,29.1,0.0
2026-04-11 02:00:00,0.0,0.0,10000,0,12.4,28.6,0.0
2026-04-11 03:00:00,0.0,0.0,10000,0,11.6,28.0,0.0
2026-04-11 04:00:00,0.0,0.0,10000,0,10.2,27.5,0.0
2026-04-11 05:00:00,0.0,0.0,10000,0,7.0,27.0,0.0
2026-04-11 06:00:00,0.0,0.0,10000,0,7.6,27.8,0.0
2026-04-11 07:00:00,0.0,0.0,10000,0,8.0,29.7,0.0
2026-04-11 08:00:00,0.0,0.0,10000,0,11.7,32.2,0.0
2026-04-11 09:00:00,0.0,0.0,10000,5,13.1,34.6,0.0
2026-04-11 10:00:00,0.0,0.0,10000,18,9.2,36.2,0.0
2026-04-11 11:00:00,0.0,0.0,10000,16,7.0,36.7,0.0
2026-04-11 12:00:00,0.0,0.0,10000,7,5.8,37.8,0.0
2026-04-11 13:00:00,0.0,0.0,10000,16,6.1,38.2,0.0
2026-04-11 14:00:00,0.0,0.0,10000,10,6.5,38.3,0.0
2026-04-11 15:00:00,0.0,0.0,10000,26,8.0,38.2,0.0
2026-04-11 16:00:00,0.0,0.0,10000,16,6.8,37.8,0.0
2026-04-11 17:00:00,0.0,0.0,10000,1,2.3,37.8,0.0
2026-04-11 18:00:00,0.0,0.0,10000,2,5.2,35.1,0.0
2026-04-11 19:00:00,0.0,0.0,10000,3,4.2,34.4,0.0
2026-04-11 20:00:00,0.0,0.0,10000,0,2.8,33.1,0.0
2026-04-11 21:00:00,0.0,0.0,10000,0,7.2,31.6,0.0
2026-04-11 22:00:00,0.0,0.0,10000,2,10.7,31.0,0.0
2026-04-11 23:00:00,0.0,0.0,10000,8,15.0,31.2,0.0
2026-04-12 00:00:00,0.0,0.0,10000,2,11.9,31.0,0.0
2026-04-12 01:00:00,0.0,0.0,10000,1,11.2,30.4,0.0
2026-04-12 02:00:00,0.0,0.0,10000,0,12.1,29.6,0.0
2026-04-12 03:00:00,0.0,0.0,10000,0,9.0,28.8,0.0
2026-04-12 04:00:00,0.0,0.0,10000,0,9.5,28.3,0.0
2026-04-12 05:00:00,0.0,0.0,10000,0,5.6,27.5,0.0
2026-04-12 06:00:00,0.0,0.0,10000,0,5.9,28.2,0.0
2026-04-12 07:00:00,0.0,0.0,10000,0,8.4,30.0,0.0
2026-04-12 08:00:00,0.0,0.0,10000,0,12.0,32.3,0.0
2026-04-12 09:00:00,0.0,0.0,10000,0,12.9,34.7,0.0
2026-04-12 10:00:00,0.0,0.0,10000,0,10.9,36.4,0.0
2026-04-12 11:00:00,0.0,0.0,10000,30,9.3,37.1,0.0
2026-04-12 12:00:00,0.0,0.0,10000,22,8.1,38.2,0.0
2026-04-12 13:00:00,0.0,0.0,10000,16,7.9,39.0,0.0
2026-04-12 14:00:00,0.0,0.0,10000,10,8.3,39.5,0.0
2026-04-12 15:00:00,0.0,0.0,10000,9,11.0,39.7,0.0
2026-04-12 16:00:00,0.0,0.0,10000,13,11.7,39.0,0.0
2026-04-12 17:00:00,0.0,0.0,10000,9,12.4,37.9,0.0
2026-04-12 18:00:00,0.0,0.0,10000,5,10.3,36.0,0.0
2026-04-12 19:00:00,0.0,0.0,10000,3,9.2,34.5,0.0
2026-04-12 20:00:00,0.0,0.0,10000,2,6.4,32.2,0.0
2026-04-12 21:00:00,0.0,0.0,10000,5,8.1,31.9,0.0
2026-04-12 22:00:00,0.0,0.0,10000,1,10.4,31.9,0.0
2026-04-12 23:00:00,0.0,0.0,10000,1,14.5,31.8,0.0
2026-04-13 00:00:00,0.0,0.0,10000,0,18.0,31.2,0.0
2026-04-13 01:00:00,0.0,0.0,10000,16,15.0,30.5,0.0
2026-04-13 02:00:00,0.0,0.0,10000,30,12.3,30.0,0.0
2026-04-13 03:00:00,0.0,0.0,10000,88,11.0,29.1,0.0
2026-04-13 04:00:00,0.0,0.0,10000,46,6.0,28.6,0.0
2026-04-13 05:00:00,0.0,0.0,10000,24,6.9,29.1,0.0
2026-04-13 06:00:00,0.0,0.0,10000,12,8.0,29.0,0.0
2026-04-13 07:00:00,0.0,0.0,10000,1,11.1,30.9,0.0
2026-04-13 08:00:00,0.0,0.0,10000,0,12.0,33.2,0.0
2026-04-13 09:00:00,0.0,0.0,10000,2,9.6,35.2,0.0
2026-04-13 10:00:00,0.0,0.0,10000,52,9.5,37.0,0.0
2026-04-13 11:00:00,0.0,0.0,10000,20,8.9,36.4,0.0
2026-04-13 12:00:00,0.0,0.0,10000,9,7.6,38.0,0.0
2026-04-13 13:00:00,0.0,0.0,10000,13,5.9,39.0,0.0
2026-04-13 14:00:00,0.0,0.0,10000,34,3.6,39.4,0.0
2026-04-13 15:00:00,0.0,0.0,10000,20,1.9,39.5,0.0
2026-04-13 16:00:00,0.0,0.0,10000,24,2.4,39.2,0.0
2026-04-13 17:00:00,0.0,0.0,10000,27,5.4,38.7,0.0
2026-04-13 18:00:00,0.0,0.0,10000,23,8.7,37.0,0.0
2026-04-13 19:00:00,0.0,0.0,10000,26,8.3,35.7,0.0
2026-04-13 20:00:00,0.0,0.0,10000,13,11.1,35.0,0.0
2026-04-13 21:00:00,0.0,0.0,10000,7,12.8,34.3,0.0
2026-04-13 22:00:00,0.0,0.0,10000,3,11.8,33.2,0.0
2026-04-13 23:00:00,0.0,0.0,10000,16,1.3,32.2,0.0
2026-04-14 00:00:00,0.1,0.1,10000,86,15.4,30.1,0.003
2026-04-14 01:00:00,0.0,0.0,10000,38,17.7,29.5,0.0
2026-04-14 02:00:00,0.0,0.0,10000,8,12.8,30.3,0.0
2026-04-14 03:00:00,0.0,0.0,10000,1,6.2,29.4,0.0
2026-04-14 04:00:00,0.0,0.0,10000,0,5.6,28.6,0.0
2026-04-14 05:00:00,0.0,0.0,10000,2,5.5,28.8,0.0
2026-04-14 06:00:00,0.0,0.0,10000,0,6.5,29.6,0.0
2026-04-14 07:00:00,0.0,0.0,10000,0,9.0,31.6,0.0
2026-04-14 08:00:00,0.0,0.0,10000,0,8.9,33.7,0.0
2026-04-14 09:00:00,0.0,0.0,10000,0,2.6,35.5,0.0
2026-04-14 10:00:00,0.0,0.0,10000,0,2.6,37.2,0.0
2026-04-14 11:00:00,0.0,0.0,10000,0,3.3,37.2,0.0
2026-04-14 12:00:00,0.0,0.0,10000,9,0.9,38.8,0.0
2026-04-14 13:00:00,0.0,0.0,10000,9,2.7,39.5,0.0
2026-04-14 14:00:00,0.0,0.0,10000,18,6.2,40.0,0.0
2026-04-14 15:00:00,0.0,0.0,10000,30,9.2,40.0,0.0
2026-04-14 16:00:00,0.0,0.0,10000,39,11.2,40.2,0.0
2026-04-14 17:00:00,0.0,0.0,10000,58,6.4,39.5,0.0
2026-04-14 18:00:00,0.0,0.0,10000,21,6.3,37.1,0.0
2026-04-14 19:00:00,0.0,0.0,10000,2,6.9,35.5,0.0
2026-04-14 20:00:00,0.0,0.0,10000,1,10.3,34.9,0.0
2026-04-14 21:00:00,0.0,0.0,10000,2,12.5,34.0,0.0
2026-04-14 22:00:00,0.0,0.0,10000,2,11.6,33.0,0.0
2026-04-14 23:00:00,0.0,0.0,10000,2,8.0,31.7,0.0
2026-04-15 00:00:00,0.0,0.0,10000,10,7.4,31.1,0.0
2026-04-15 01:00:00,0.0,0.0,10000,57,13.9,31.4,0.0
2026-04-15 02:00:00,0.0,0.0,10000,2,9.7,30.6,0.0
2026-04-15 03:00:00,0.0,0.0,10000,15,8.3,29.6,0.0
2026-04-15 04:00:00,0.0,0.0,10000,5,7.9,29.1,0.0
2026-04-15 05:00:00,0.0,0.0,10000,17,10.6,29.7,0.0
2026-04-15 06:00:00,0.0,0.0,10000,17,9.6,29.6,0.0
2026-04-15 07:00:00,0.0,0.0,10000,0,9.4,31.5,0.0
2026-04-15 08:00:00,0.0,0.0,10000,0,9.6,34.2,0.0
2026-04-15 09:00:00,0.0,0.0,10000,0,10.5,36.3,0.0
2026-04-15 10:00:00,0.0,0.0,10000,1,6.5,37.8,0.0
2026-04-15 11:00:00,0.0,0.0,10000,23,6.6,38.0,0.0
2026-04-15 12:00:00,0.0,0.0,10000,17,7.8,39.0,0.0
2026-04-15 13:00:00,0.0,0.0,10000,35,7.9,39.7,0.0
2026-04-15 14:00:00,0.0,0.0,10000,20,7.1,39.7,0.0
2026-04-15 15:00:00,0.0,0.0,10000,23,6.2,39.8,0.0
2026-04-15 16:00:00,0.0,0.0,10000,16,5.2,39.2,0.0
2026-04-15 17:00:00,0.0,0.0,10000,8,5.9,38.6,0.0
2026-04-15 18:00:00,0.0,0.0,10000,5,2.7,36.3,0.0
2026-04-15 19:00:00,0.0,0.0,10000,5,8.2,35.0,0.0
2026-04-15 20:00:00,0.0,0.0,10000,6,7.5,34.1,0.0
2026-04-15 21:00:00,0.0,0.0,10000,5,6.5,32.8,0.0
2026-04-15 22:00:00,0.0,0.0,10000,2,5.7,31.9,0.0
2026-04-15 23:00:00,0.0,0.0,10000,1,6.1,31.6,0.0
2026-04-16 00:00:00,0.0,0.0,10000,2,5.7,30.8,0.0
2026-04-16 01:00:00,0.0,0.0,10000,12,7.0,29.9,0.0
2026-04-16 02:00:00,0.0,0.0,10000,85,5.9,29.2,0.0
2026-04-16 03:00:00,0.0,0.0,10000,6,11.0,29.6,0.0
2026-04-16 04:00:00,0.0,0.0,10000,1,6.0,28.4,0.0
2026-04-16 05:00:00,0.0,0.0,10000,10,0.9,28.4,0.0
2026-04-16 06:00:00,0.0,0.0,10000,0,2.9,28.4,0.0
2026-04-16 07:00:00,0.0,0.0,10000,1,2.8,30.5,0.0
2026-04-16 08:00:00,0.0,0.0,10000,0,10.3,33.0,0.0
2026-04-16 09:00:00,0.0,0.0,10000,9,6.8,35.3,0.0
2026-04-16 10:00:00,0.0,0.0,10000,23,1.9,37.5,0.0
2026-04-16 11:00:00,0.0,0.0,10000,17,5.8,37.6,0.0
2026-04-16 12:00:00,0.0,0.0,10000,16,6.3,39.0,0.0
2026-04-16 13:00:00,0.0,0.0,10000,3,3.8,39.8,0.0
2026-04-16 14:00:00,0.0,0.0,10000,33,0.9,40.2,0.0
2026-04-16 15:00:00,0.0,0.0,10000,25,4.7,39.9,0.0
2026-04-16 16:00:00,0.0,0.0,10000,42,4.8,39.5,0.0
2026-04-16 17:00:00,0.0,0.0,10000,16,2.9,39.2,0.0
2026-04-16 18:00:00,0.0,0.0,10000,30,3.7,37.1,0.0
2026-04-16 19:00:00,0.0,0.0,10000,19,9.0,35.8,0.0
2026-04-16 20:00:00,0.0,0.0,10000,9,12.0,35.0,0.0
2026-04-16 21:00:00,0.0,0.0,10000,9,10.3,34.3,0.0
2026-04-16 22:00:00,0.0,0.0,10000,13,7.7,33.0,0.0
2026-04-16 23:00:00,0.0,0.0,10000,16,7.7,32.1,0.0
2026-04-17 00:00:00,0.0,0.0,10000,31,10.7,32.0,0.0
2026-04-17 01:00:00,0.0,0.0,10000,15,6.7,31.1,0.0
2026-04-17 02:00:00,0.0,0.0,10000,29,6.7,30.1,0.0
2026-04-17 03:00:00,0.0,0.0,10000,54,13.9,30.2,0.0
2026-04-17 04:00:00,0.0,0.0,10000,67,11.3,30.8,0.0
2026-04-17 05:00:00,0.0,0.0,10000,41,3.6,29.4,0.0
2026-04-17 06:00:00,0.0,0.0,10000,65,3.5,29.9,0.0
2026-04-17 07:00:00,0.0,0.0,10000,52,2.4,31.6,0.0
2026-04-17 08:00:00,0.0,0.0,10000,48,1.5,33.4,0.0
2026-04-17 09:00:00,0.0,0.0,10000,99,1.2,35.2,0.0
2026-04-17 10:00:00,0.0,0.0,10000,96,2.7,37.2,0.0
2026-04-17 11:00:00,0.0,0.0,10000,67,4.0,37.3,0.0
2026-04-17 12:00:00,0.0,0.0,10000,91,6.5,38.8,0.0
2026-04-17 13:00:00,0.0,0.0,10000,66,8.3,39.3,0.0
2026-04-17 14:00:00,0.0,0.0,10000,100,11.0,39.7,0.0
2026-04-17 15:00:00,0.0,0.0,10000,99,12.8,39.4,0.0
2026-04-17 16:00:00,0.0,0.0,10000,80,12.3,39.0,0.0
2026-04-17 17:00:00,0.0,0.0,10000,39,7.4,39.0,0.0
2026-04-17 18:00:00,0.0,0.0,10000,34,4.9,36.2,0.0
2026-04-17 19:00:00,0.0,0.0,10000,100,8.2,34.8,0.0
2026-04-17 20:00:00,0.0,0.0,10000,45,7.7,33.8,0.0
2026-04-17 21:00:00,0.0,0.0,10000,56,7.8,32.9,0.0
2026-04-17 22:00:00,0.0,0.0,10000,70,6.1,31.5,0.0
2026-04-17 23:00:00,0.0,0.0,10000,100,3.3,30.6,0.0
2026-04-18 00:00:00,0.0,0.0,10000,98,2.8,30.0,0.0
2026-04-18 01:00:00,0.0,0.0,10000,100,2.3,29.5,0.0
2026-04-18 02:00:00,0.0,0.0,10000,100,1.0,29.1,0.0
2026-04-18 03:00:00,0.0,0.0,10000,100,4.8,28.5,0.0
2026-04-18 04:00:00,0.0,0.0,10000,98,6.2,27.5,0.0
2026-04-18 05:00:00,0.0,0.0,10000,100,10.7,28.3,0.0
2026-04-18 06:00:00,0.0,0.0,10000,100,10.6,28.6,0.0
2026-04-18 07:00:00,0.0,0.0,10000,95,10.5,30.2,0.0
2026-04-18 08:00:00,0.0,0.0,10000,93,12.1,32.6,0.0
2026-04-18 09:00:00,0.0,0.0,10000,97,11.0,35.2,0.0
2026-04-18 10:00:00,0.0,0.0,10000,100,6.3,37.4,0.0
2026-04-18 11:00:00,0.0,0.0,10000,100,4.0,36.8,0.0
2026-04-18 12:00:00,0.0,0.0,10000,99,2.8,38.2,0.0
2026-04-18 13:00:00,0.0,0.0,10000,83,1.7,38.8,0.0
2026-04-18 14:00:00,0.0,0.0,10000,5,4.8,39.2,0.0
2026-04-18 15:00:00,0.0,0.0,10000,9,7.6,39.6,0.0
2026-04-18 16:00:00,0.0,0.0,10000,4,9.3,39.3,0.0
2026-04-18 17:00:00,0.0,0.0,10000,7,5.6,39.2,0.0
2026-04-18 18:00:00,0.0,0.0,10000,10,5.7,36.1,0.0
2026-04-18 19:00:00,0.0,0.0,10000,43,14.3,35.5,0.0
2026-04-18 20:00:00,0.0,0.0,10000,15,12.8,34.9,0.0
2026-04-18 21:00:00,0.0,0.0,10000,7,12.0,33.6,0.0
2026-04-18 22:00:00,0.0,0.0,10000,15,12.5,32.8,0.0
2026-04-18 23:00:00,0.0,0.0,10000,48,17.6,32.3,0.0
2026-04-19 00:00:00,0.0,0.0,10000,34,14.6,32.2,0.0
2026-04-19 01:00:00,0.0,0.0,10000,30,12.6,31.2,0.0
2026-04-19 02:00:00,0.0,0.0,10000,52,9.5,30.2,0.0
2026-04-19 03:00:00,0.0,0.0,10000,11,7.6,29.8,0.0
2026-04-19 04:00:00,0.0,0.0,10000,14,5.7,28.4,0.0
2026-04-19 05:00:00,0.0,0.0,10000,20,5.6,28.0,0.0
2026-04-19 06:00:00,0.0,0.0,10000,4,4.4,28.9,0.0
2026-04-19 07:00:00,0.0,0.0,10000,1,8.1,30.9,0.0
2026-04-19 08:00:00,0.0,0.0,10000,5,7.7,33.0,0.0
2026-04-19 09:00:00,0.0,0.0,10000,1,3.2,34.9,0.0
2026-04-19 10:00:00,0.0,0.0,10000,0,3.8,36.8,0.0
2026-04-19 11:00:00,0.0,0.0,10000,23,6.9,37.7,0.0
2026-04-19 12:00:00,0.0,0.0,10000,21,4.9,39.0,0.0
2026-04-19 13:00:00,0.0,0.0,10000,33,6.1,39.6,0.0
2026-04-19 14:00:00,0.0,0.0,10000,29,7.6,39.8,0.0
2026-04-19 15:00:00,0.0,0.0,10000,23,9.1,39.8,0.0
2026-04-19 16:00:00,0.0,0.0,10000,13,11.8,39.5,0.0
2026-04-19 17:00:00,0.0,0.0,10000,92,7.2,39.0,0.0
2026-04-19 18:00:00,0.0,0.0,10000,63,7.2,36.1,0.0
2026-04-19 19:00:00,0.0,0.0,10000,92,12.0,34.1,0.0
2026-04-19 20:00:00,0.0,0.0,10000,99,17.5,32.8,0.0
2026-04-19 21:00:00,0.0,0.0,10000,2,16.6,31.8,0.0
2026-04-19 22:00:00,0.0,0.0,10000,55,13.7,31.2,0.0
2026-04-19 23:00:00,0.0,0.0,10000,100,15.2,30.0,0.0
2026-04-20 00:00:00,0.0,0.0,10000,100,19.2,30.1,0.0
2026-04-20 01:00:00,0.0,0.0,10000,91,15.0,29.1,0.0
2026-04-20 02:00:00,0.0,0.0,10000,92,16.7,28.5,0.0
2026-04-20 03:00:00,0.0,0.0,10000,84,15.6,28.0,0.0
2026-04-20 04:00:00,0.0,0.0,10000,99,15.2,27.6,0.0
2026-04-20 05:00:00,0.0,0.0,10000,3,10.3,26.9,0.0
2026-04-20 06:00:00,0.0,0.0,10000,14,5.8,26.2,0.0
2026-04-20 07:00:00,0.0,0.0,10000,64,1.9,27.8,0.0
2026-04-20 08:00:00,0.0,0.0,10000,49,3.0,29.5,0.0
2026-04-20 09:00:00,0.0,0.0,10000,0,4.4,32.0,0.0
2026-04-20 10:00:00,0.0,0.0,10000,0,4.9,34.8,0.0
2026-04-20 11:00:00,0.0,0.0,10000,0,4.8,34.8,0.0
2026-04-20 12:00:00,0.0,0.0,10000,4,2.8,36.6,0.0
2026-04-20 13:00:00,0.0,0.0,10000,13,4.4,37.5,0.0
2026-04-20 14:00:00,0.0,0.0,10000,33,5.2,37.8,0.0
2026-04-20 15:00:00,0.0,0.0,10000,30,5.6,38.0,0.0
2026-04-20 16:00:00,0.0,0.0,10000,35,3.2,37.7,0.0
2026-04-20 17:00:00,0.0,0.0,10000,20,4.1,37.5,0.0
2026-04-20 18:00:00,0.0,0.0,10000,12,7.1,35.0,0.0
2026-04-20 19:00:00,0.0,0.0,10000,5,6.2,33.5,0.0
2026-04-20 20:00:00,0.0,0.0,10000,4,5.4,32.0,0.0
2026-04-20 21:00:00,0.0,0.0,10000,7,9.2,31.2,0.0
2026-04-20 22:00:00,0.0,0.0,10000,38,13.9,31.9,0.0
2026-04-20 23:00:00,0.0,0.0,10000,98,11.2,31.1,0.0
2026-04-21 00:00:00,0.0,0.0,10000,99,11.9,31.0,0.0
2026-04-21 01:00:00,0.0,0.0,10000,97,13.5,30.2,0.0
2026-04-21 02:00:00,0.0,0.0,10000,59,14.8,29.6,0.0
2026-04-21 03:00:00,0.0,0.0,10000,10,10.9,29.1,0.0
2026-04-21 04:00:00,0.0,0.0,10000,23,9.3,28.8,0.0
2026-04-21 05:00:00,0.0,0.0,10000,21,4.8,27.0,0.0
2026-04-21 06:00:00,0.0,0.0,10000,2,3.8,28.1,0.0
2026-04-21 07:00:00,0.0,0.0,10000,5,5.2,30.0,0.0
2026-04-21 08:00:00,0.0,0.0,10000,26,5.2,31.7,0.0
2026-04-21 09:00:00,0.0,0.0,10000,7,1.5,33.2,0.0
2026-04-21 10:00:00,0.0,0.0,10000,3,2.5,35.4,0.0
2026-04-21 11:00:00,0.0,0.0,10000,10,3.9,35.5,0.0
2026-04-21 12:00:00,0.0,0.0,10000,22,5.8,36.8,0.0
2026-04-21 13:00:00,0.0,0.0,10000,25,6.7,37.3,0.0
2026-04-21 14:00:00,0.0,0.0,10000,77,6.0,37.6,0.0
2026-04-21 15:00:00,0.0,0.0,10000,74,2.7,37.4,0.0
2026-04-21 16:00:00,0.0,0.0,10000,68,5.0,37.3,0.0
2026-04-21 17:00:00,0.4,0.4,10000,98,3.6,26.4,0.012
2026-04-21 18:00:00,2.1,2.1,10000,100,7.1,25.8,0.063
2026-04-21 19:00:00,3.4,3.4,10000,100,11.5,25.4,0.102
2026-04-21 20:00:00,1.4,1.4,10000,100,12.0,24.9,0.042
2026-04-21 21:00:00,3.4,3.4,10000,100,9.9,24.9,0.102
2026-04-21 22:00:00,1.3,1.3,10000,100,13.8,24.6,0.039
2026-04-21 23:00:00,0.3,0.3,10000,100,14.4,24.2,0.009
2026-04-22 00:00:00,0.0,0.0,10000,100,14.8,26.6,0.0
2026-04-22 01:00:00,0.0,0.0,10000,98,14.2,26.7,0.0
2026-04-22 02:00:00,0.0,0.0,10000,100,10.4,27.1,0.0
2026-04-22 03:00:00,0.0,0.0,10000,100,8.0,26.5,0.0
2026-04-22 04:00:00,0.0,0.0,10000,100,7.8,26.0,0.0
2026-04-22 05:00:00,0.0,0.0,10000,29,10.6,24.8,0.0
2026-04-22 06:00:00,0.0,0.0,10000,66,10.3,25.5,0.0
2026-04-22 07:00:00,0.0,0.0,10000,95,7.1,27.2,0.0
2026-04-22 08:00:00,0.0,0.0,10000,6,6.1,29.4,0.0
2026-04-22 09:00:00,0.0,0.0,10000,16,6.4,32.2,0.0
2026-04-22 10:00:00,0.0,0.0,10000,9,4.0,34.5,0.0
2026-04-22 11:00:00,0.0,0.0,10000,81,4.4,34.0,0.0
2026-04-22 12:00:00,0.0,0.0,10000,55,2.2,35.8,0.0
2026-04-22 13:00:00,0.0,0.0,10000,21,3.4,36.9,0.0
2026-04-22 14:00:00,0.0,0.0,10000,44,7.8,37.0,0.0
2026-04-22 15:00:00,0.0,0.0,10000,27,7.2,37.5,0.0
2026-04-22 16:00:00,0.0,0.0,10000,23,7.3,37.5,0.0
2026-04-22 17:00:00,0.0,0.0,10000,21,3.6,37.5,0.0
2026-04-22 18:00:00,0.0,0.0,10000,4,3.7,34.7,0.0
2026-04-22 19:00:00,0.0,0.0,10000,6,7.6,32.7,0.0
2026-04-22 20:00:00,0.0,0.0,10000,10,8.8,32.4,0.0
2026-04-22 21:00:00,0.0,0.0,10000,18,8.8,31.5,0.0
2026-04-22 22:00:00,0.0,0.0,10000,12,7.5,30.2,0.0
2026-04-22 23:00:00,0.0,0.0,10000,77,7.8,29.5,0.0
2026-04-23 00:00:00,0.0,0.0,10000,100,10.3,29.8,0.0
2026-04-23 01:00:00,0.0,0.0,10000,100,9.1,29.4,0.0
2026-04-23 02:00:00,0.0,0.0,10000,100,12.1,29.1,0.0
2026-04-23 03:00:00,0.0,0.0,10000,98,11.5,29.1,0.0
2026-04-23 04:00:00,0.0,0.0,10000,98,8.2,28.4,0.0
2026-04-23 05:00:00,0.0,0.0,10000,100,6.6,27.0,0.0
2026-04-23 06:00:00,0.0,0.0,10000,100,7.1,27.6,0.0
2026-04-23 07:00:00,0.0,0.0,10000,99,7.5,29.8,0.0
2026-04-23 08:00:00,0.0,0.0,10000,100,7.7,32.2,0.0
2026-04-23 09:00:00,0.0,0.0,10000,50,7.0,34.6,0.0
2026-04-23 10:00:00,0.0,0.0,10000,52,4.6,36.7,0.0
2026-04-23 11:00:00,0.0,0.0,10000,7,2.2,36.3,0.0
2026-04-23 12:00:00,0.0,0.0,10000,15,7.1,37.8,0.0
2026-04-23 13:00:00,0.0,0.0,10000,45,17.3,37.8,0.0
2026-04-23 14:00:00,0.0,0.0,10000,48,15.9,37.8,0.0
2026-04-23 15:00:00,0.0,0.0,10000,52,12.5,37.8,0.0
2026-04-23 16:00:00,0.0,0.0,10000,53,12.6,37.5,0.0
2026-04-23 17:00:00,0.0,0.0,10000,81,16.0,37.1,0.0
2026-04-23 18:00:00,0.0,0.0,10000,81,10.8,34.8,0.0
2026-04-23 19:00:00,0.0,0.0,10000,98,7.5,32.3,0.0
2026-04-23 20:00:00,0.0,0.0,10000,9,6.8,31.2,0.0
2026-04-23 21:00:00,0.0,0.0,10000,52,7.2,30.1,0.0
2026-04-23 22:00:00,0.0,0.0,10000,14,7.0,29.4,0.0
2026-04-23 23:00:00,0.0,0.0,10000,66,9.3,30.0,0.0
2026-04-24 00:00:00,0.0,0.0,10000,98,7.4,29.0,0.0
2026-04-24 01:00:00,0.0,0.0,10000,100,7.0,28.8,0.0
2026-04-24 02:00:00,0.0,0.0,10000,85,3.1,28.2,0.0
2026-04-24 03:00:00,0.0,0.0,10000,99,4.4,27.4,0.0
2026-04-24 04:00:00,0.0,0.0,10000,96,7.3,26.8,0.0
2026-04-24 05:00:00,0.0,0.0,10000,100,4.0,24.8,0.0
2026-04-24 06:00:00,0.0,0.0,10000,100,4.0,26.0,0.0
2026-04-24 07:00:00,0.0,0.0,10000,99,5.4,28.4,0.0
2026-04-24 08:00:00,0.0,0.0,10000,92,5.1,30.6,0.0
2026-04-24 09:00:00,0.0,0.0,10000,42,4.7,33.0,0.0
2026-04-24 10:00:00,0.0,0.0,10000,60,3.9,35.0,0.0
2026-04-24 11:00:00,0.0,0.0,10000,100,3.0,35.3,0.0
2026-04-24 12:00:00,0.0,0.0,10000,74,2.4,37.0,0.0
2026-04-24 13:00:00,0.0,0.0,10000,4,3.9,37.9,0.0
2026-04-24 14:00:00,0.0,0.0,10000,48,7.6,39.0,0.0
2026-04-24 15:00:00,0.0,0.0,10000,43,13.6,37.7,0.0
2026-04-24 16:00:00,0.0,0.0,10000,91,11.3,37.7,0.0
2026-04-24 17:00:00,0.0,0.0,10000,84,18.9,37.7,0.0
2026-04-24 18:00:00,0.0,0.0,10000,60,21.1,35.1,0.0
2026-04-24 19:00:00,0.0,0.0,10000,69,12.0,33.8,0.0
2026-04-24 20:00:00,0.0,0.0,10000,89,14.8,33.2,0.0
2026-04-24 21:00:00,0.0,0.0,10000,88,12.5,32.3,0.0
2026-04-24 22:00:00,0.0,0.0,10000,95,10.3,30.9,0.0
2026-04-24 23:00:00,0.0,0.0,10000,94,8.5,29.6,0.0
2026-04-25 00:00:00,0.0,0.0,10000,65,7.0,29.3,0.0
2026-04-25 01:00:00,0.0,0.0,10000,45,6.4,28.0,0.0
2026-04-25 02:00:00,0.0,0.0,10000,2,7.7,27.5,0.0
2026-04-25 03:00:00,0.0,0.0,10000,7,7.5,27.0,0.0
2026-04-25 04:00:00,0.0,0.0,10000,5,6.7,26.2,0.0
2026-04-25 05:00:00,0.0,0.0,10000,2,4.9,25.9,0.0
2026-04-25 06:00:00,0.0,0.0,10000,5,2.9,26.9,0.0
2026-04-25 07:00:00,0.0,0.0,10000,16,4.3,29.5,0.0
2026-04-25 08:00:00,0.0,0.0,10000,54,3.3,32.0,0.0
2026-04-25 09:00:00,0.0,0.0,10000,66,3.9,34.2,0.0
2026-04-25 10:00:00,0.0,0.0,10000,88,1.4,36.2,0.0
2026-04-25 11:00:00,0.0,0.0,10000,81,2.6,36.5,0.0
2026-04-25 12:00:00,0.0,0.0,10000,77,4.5,38.0,0.0
2026-04-25 13:00:00,0.0,0.0,10000,52,5.1,38.4,0.0
2026-04-25 14:00:00,0.0,0.0,10000,54,5.8,38.9,0.0
2026-04-25 15:00:00,0.0,0.0,10000,38,5.6,39.1,0.0
2026-04-25 16:00:00,0.0,0.0,10000,38,6.6,38.9,0.0
2026-04-25 17:00:00,0.0,0.0,10000,35,13.6,38.0,0.0
2026-04-25 18:00:00,0.0,0.0,10000,77,11.8,35.8,0.0
2026-04-25 19:00:00,0.0,0.0,10000,100,11.4,34.2,0.0
2026-04-25 20:00:00,0.0,0.0,10000,99,9.8,33.1,0.0
2026-04-25 21:00:00,0.0,0.0,10000,100,9.5,32.4,0.0
2026-04-25 22:00:00,0.0,0.0,10000,100,9.5,32.0,0.0
2026-04-25 23:00:00,0.0,0.0,10000,100,7.2,31.1,0.0
2026-04-26 00:00:00,0.0,0.0,10000,100,6.3,30.6,0.0
2026-04-26 01:00:00,0.0,0.0,10000,100,8.0,30.2,0.0
2026-04-26 02:00:00,0.0,0.0,10000,100,14.1,29.9,0.0
2026-04-26 03:00:00,0.0,0.0,10000,99,14.2,29.2,0.0
2026-04-26 04:00:00,0.0,0.0,10000,98,10.7,28.4,0.0
2026-04-26 05:00:00,0.0,0.0,10000,23,7.7,27.5,0.0
2026-04-26 06:00:00,0.0,0.0,10000,29,5.9,28.3,0.0
2026-04-26 07:00:00,0.0,0.0,10000,48,3.5,30.3,0.0
2026-04-26 08:00:00,0.0,0.0,10000,96,4.5,32.5,0.0
2026-04-26 09:00:00,0.0,0.0,10000,99,6.7,35.0,0.0
2026-04-26 10:00:00,0.0,0.0,10000,46,6.9,37.2,0.0
2026-04-26 11:00:00,0.0,0.0,10000,98,5.6,37.3,0.0
2026-04-26 12:00:00,0.0,0.0,10000,100,2.2,38.8,0.0
2026-04-26 13:00:00,0.0,0.0,10000,98,2.2,39.3,0.0
2026-04-26 14:00:00,0.0,0.0,10000,92,6.4,39.6,0.0
2026-04-26 15:00:00,0.0,0.0,10000,60,10.2,39.5,0.0
2026-04-26 16:00:00,0.0,0.0,10000,44,9.0,39.0,0.0
2026-04-26 17:00:00,0.0,0.0,10000,91,5.1,38.1,0.0
2026-04-26 18:00:00,0.0,0.0,10000,47,6.6,35.5,0.0
2026-04-26 19:00:00,0.0,0.0,10000,73,9.9,34.2,0.0
2026-04-26 20:00:00,0.0,0.0,10000,38,9.5,32.5,0.0
2026-04-26 21:00:00,0.0,0.0,10000,56,11.0,32.3,0.0
2026-04-26 22:00:00,0.0,0.0,10000,9,9.5,31.6,0.0
2026-04-26 23:00:00,0.0,0.0,10000,18,9.5,31.5,0.0
2026-04-27 00:00:00,0.0,0.0,10000,9,7.2,30.2,0.0
2026-04-27 01:00:00,0.0,0.0,10000,32,4.9,29.1,0.0
2026-04-27 02:00:00,0.0,0.0,10000,34,2.4,28.6,0.0
2026-04-27 03:00:00,0.0,0.0,10000,97,7.6,28.3,0.0
2026-04-27 04:00:00,0.0,0.0,10000,98,2.6,28.0,0.0
2026-04-27 05:00:00,0.0,0.0,10000,13,2.3,27.9,0.0
2026-04-27 06:00:00,0.0,0.0,10000,10,1.3,28.3,0.0
2026-04-27 07:00:00,0.0,0.0,10000,6,1.6,30.1,0.0
2026-04-27 08:00:00,0.0,0.0,10000,2,6.0,32.5,0.0
2026-04-27 09:00:00,0.0,0.0,10000,0,6.1,34.8,0.0
2026-04-27 10:00:00,0.0,0.0,10000,10,6.3,37.5,0.0
2026-04-27 11:00:00,0.0,0.0,10000,22,5.2,37.2,0.0
2026-04-27 12:00:00,0.0,0.0,10000,30,5.4,38.9,0.0
2026-04-27 13:00:00,0.0,0.0,10000,41,2.3,39.5,0.0
2026-04-27 14:00:00,0.0,0.0,10000,20,4.2,39.6,0.0
2026-04-27 15:00:00,0.0,0.0,10000,46,6.4,39.7,0.0
2026-04-27 16:00:00,0.0,0.0,10000,39,7.0,39.0,0.0
2026-04-27 17:00:00,0.0,0.0,10000,100,7.3,37.8,0.0
2026-04-27 18:00:00,0.0,0.0,10000,98,10.7,36.3,0.0
2026-04-27 19:00:00,0.0,0.0,10000,83,14.4,35.7,0.0
2026-04-27 20:00:00,0.0,0.0,10000,51,13.8,34.8,0.0
2026-04-27 21:00:00,0.0,0.0,10000,92,8.3,33.6,0.0
2026-04-27 22:00:00,0.0,0.0,10000,98,7.3,33.2,0.0
2026-04-27 23:00:00,0.0,0.0,10000,92,7.0,31.9,0.0
2026-04-28 00:00:00,0.0,0.0,10000,73,6.5,32.2,0.0
2026-04-28 01:00:00,0.0,0.0,10000,9,12.7,31.2,0.0
2026-04-28 02:00:00,0.0,0.0,10000,27,12.1,30.2,0.0
2026-04-28 03:00:00,0.0,0.0,10000,12,10.1,29.6,0.0
2026-04-28 04:00:00,0.0,0.0,10000,42,5.5,28.6,0.0
2026-04-28 05:00:00,0.0,0.0,10000,27,5.5,27.8,0.0
2026-04-28 06:00:00,0.0,0.0,10000,2,2.7,28.8,0.0
2026-04-28 07:00:00,0.0,0.0,10000,43,5.2,30.5,0.0
2026-04-28 08:00:00,0.0,0.0,10000,38,7.8,32.3,0.0
2026-04-28 09:00:00,0.0,0.0,10000,18,5.4,34.5,0.0
2026-04-28 10:00:00,0.0,0.0,10000,9,2.8,36.6,0.0
2026-04-28 11:00:00,0.0,0.0,10000,27,3.6,36.6,0.0
2026-04-28 12:00:00,0.0,0.0,10000,23,2.7,38.3,0.0
2026-04-28 13:00:00,0.0,0.0,10000,16,6.5,38.7,0.0
2026-04-28 14:00:00,0.0,0.0,10000,29,7.6,38.8,0.0
2026-04-28 15:00:00,0.0,0.0,10000,20,7.3,39.0,0.0
2026-04-28 16:00:00,0.0,0.0,10000,35,7.9,38.5,0.0
2026-04-28 17:00:00,0.0,0.0,10000,85,19.0,35.5,0.0
2026-04-28 18:00:00,0.0,0.0,10000,21,14.2,34.5,0.0
2026-04-28 19:00:00,0.0,0.0,10000,15,9.0,33.3,0.0
2026-04-28 20:00:00,0.0,0.0,10000,6,10.1,32.5,0.0
2026-04-28 21:00:00,0.0,0.0,10000,30,11.2,32.0,0.0
2026-04-28 22:00:00,0.0,0.0,10000,30,10.4,31.6,0.0
2026-04-28 23:00:00,0.0,0.0,10000,77,9.2,30.9,0.0
2026-04-29 00:00:00,0.0,0.0,10000,92,9.7,30.6,0.0
2026-04-29 01:00:00,0.0,0.0,10000,35,2.6,30.0,0.0
2026-04-29 02:00:00,0.0,0.0,10000,1,5.3,28.8,0.0
2026-04-29 03:00:00,0.0,0.0,10000,4,6.7,28.5,0.0
2026-04-29 04:00:00,0.0,0.0,10000,0,7.0,28.3,0.0
2026-04-29 05:00:00,0.0,0.0,10000,0,5.9,27.4,0.0
2026-04-29 06:00:00,0.0,0.0,10000,0,5.4,28.4,0.0
2026-04-29 07:00:00,0.0,0.0,10000,0,7.2,30.1,0.0
2026-04-29 08:00:00,0.0,0.0,10000,0,7.4,32.5,0.0
2026-04-29 09:00:00,0.0,0.0,10000,0,6.7,34.9,0.0
2026-04-29 10:00:00,0.0,0.0,10000,0,4.8,37.0,0.0
2026-04-29 11:00:00,0.0,0.0,10000,0,1.0,35.3,0.0
2026-04-29 12:00:00,0.0,0.0,10000,4,1.9,37.5,0.0
2026-04-29 13:00:00,0.0,0.0,10000,9,4.0,38.5,0.0
2026-04-29 14:00:00,0.0,0.0,10000,59,5.9,38.7,0.0
2026-04-29 15:00:00,0.0,0.0,10000,58,5.5,38.7,0.0
2026-04-29 16:00:00,0.0,0.0,10000,29,4.8,38.5,0.0
2026-04-29 17:00:00,0.0,0.0,10000,67,21.4,37.2,0.0
2026-04-29 18:00:00,0.0,0.0,10000,32,12.4,35.3,0.0
2026-04-29 19:00:00,0.0,0.0,10000,23,3.1,33.3,0.0
2026-04-29 20:00:00,0.0,0.0,10000,6,6.1,32.5,0.0
2026-04-29 21:00:00,0.0,0.0,10000,17,8.0,32.2,0.0
2026-04-29 22:00:00,0.0,0.0,10000,16,8.2,31.6,0.0
2026-04-29 23:00:00,0.0,0.0,10000,5,6.0,30.2,0.0
2026-04-30 00:00:00,0.0,0.0,10000,16,7.2,30.4,0.0
2026-04-30 01:00:00,0.0,0.0,10000,6,9.3,30.8,0.0
2026-04-30 02:00:00,0.0,0.0,10000,0,13.4,30.4,0.0
2026-04-30 03:00:00,0.0,0.0,10000,0,14.6,29.5,0.0
2026-04-30 04:00:00,0.0,0.0,10000,0,14.2,29.0,0.0
2026-04-30 05:00:00,0.0,0.0,10000,1,16.0,29.1,0.0
2026-04-30 06:00:00,0.0,0.0,10000,0,15.7,29.3,0.0
2026-04-30 07:00:00,0.0,0.0,10000,0,15.2,30.5,0.0
2026-04-30 08:00:00,0.0,0.0,10000,1,15.5,32.5,0.0
2026-04-30 09:00:00,0.0,0.0,10000,0,14.7,34.7,0.0
2026-04-30 10:00:00,0.0,0.0,10000,0,12.8,36.8,0.0
2026-04-30 11:00:00,0.0,0.0,10000,0,8.9,36.3,0.0
2026-04-30 12:00:00,0.0,0.0,10000,29,7.3,38.2,0.0
2026-04-30 13:00:00,0.0,0.0,10000,23,6.3,38.8,0.0
2026-04-30 14:00:00,0.0,0.0,10000,14,7.5,39.2,0.0
2026-04-30 15:00:00,0.0,0.0,10000,13,9.1,39.6,0.0
2026-04-30 16:00:00,0.0,0.0,10000,6,10.3,39.7,0.0
2026-04-30 17:00:00,0.0,0.0,10000,10,12.9,39.0,0.0
2026-04-30 18:00:00,0.0,0.0,10000,5,11.6,37.0,0.0
2026-04-30 19:00:00,0.0,0.0,10000,1,7.9,35.0,0.0
2026-04-30 20:00:00,0.0,0.0,10000,1,7.2,33.0,0.0
2026-04-30 21:00:00,0.0,0.0,10000,2,2.2,32.2,0.0
2026-04-30 22:00:00,0.0,0.0,10000,9,3.2,30.9,0.0
2026-04-30 23:00:00,0.0,0.0,10000,10,10.4,30.1,0.0
2026-05-01 00:00:00,0.0,0.0,10000,0,11.7,29.8,0.0
2026-05-01 01:00:00,0.0,0.0,10000,0,12.5,29.9,0.0
2026-05-01 02:00:00,0.0,0.0,10000,0,13.4,29.4,0.0
2026-05-01 03:00:00,0.0,0.0,10000,0,13.2,28.9,0.0
2026-05-01 04:00:00,0.0,0.0,10000,0,11.7,28.1,0.0
2026-05-01 05:00:00,0.0,0.0,10000,0,8.0,26.7,0.0
2026-05-01 06:00:00,0.0,0.0,10000,0,7.4,27.2,0.0
2026-05-01 07:00:00,0.0,0.0,10000,0,9.1,29.1,0.0
2026-05-01 08:00:00,0.0,0.0,10000,0,11.0,31.4,0.0
2026-05-01 09:00:00,0.0,0.0,10000,0,12.0,33.7,0.0
2026-05-01 10:00:00,0.0,0.0,10000,0,13.0,35.8,0.0
2026-05-01 11:00:00,0.0,0.0,10000,0,11.5,35.5,0.0
2026-05-01 12:00:00,0.0,0.0,10000,0,14.1,37.2,0.0
2026-05-01 13:00:00,0.0,0.0,10000,0,16.1,38.5,0.0
2026-05-01 14:00:00,0.0,0.0,10000,0,17.0,39.2,0.0
2026-05-01 15:00:00,0.0,0.0,10000,7,18.0,39.5,0.0
2026-05-01 16:00:00,0.0,0.0,10000,2,18.2,39.2,0.0
2026-05-01 17:00:00,0.0,0.0,10000,1,15.6,38.5,0.0
2026-05-01 18:00:00,0.0,0.0,10000,0,9.6,36.2,0.0
2026-05-01 19:00:00,0.0,0.0,10000,0,10.7,34.1,0.0
2026-05-01 20:00:00,0.0,0.0,10000,0,9.5,32.9,0.0
2026-05-01 21:00:00,0.0,0.0,10000,0,8.5,31.6,0.0
2026-05-01 22:00:00,0.0,0.0,10000,0,8.8,31.4,0.0
2026-05-01 23:00:00,0.0,0.0,10000,0,9.8,29.8,0.0
2026-05-02 00:00:00,0.0,0.0,10000,0,17.7,30.7,0.0
2026-05-02 01:00:00,0.0,0.0,10000,0,15.6,30.5,0.0
2026-05-02 02:00:00,0.0,0.0,10000,0,13.6,29.7,0.0
2026-05-02 03:00:00,0.0,0.0,10000,0,12.6,29.0,0.0
2026-05-02 04:00:00,0.0,0.0,10000,0,11.1,28.1,0.0
2026-05-02 05:00:00,0.0,0.0,10000,0,6.8,26.8,0.0
2026-05-02 06:00:00,0.0,0.0,10000,0,7.2,28.0,0.0
2026-05-02 07:00:00,0.0,0.0,10000,0,10.8,30.0,0.0
2026-05-02 08:00:00,0.0,0.0,10000,0,12.0,31.8,0.0
2026-05-02 09:00:00,0.0,0.0,10000,0,10.7,34.0,0.0
2026-05-02 10:00:00,0.0,0.0,10000,0,9.4,36.3,0.0
2026-05-02 11:00:00,0.0,0.0,10000,0,6.7,37.0,0.0
2026-05-02 12:00:00,0.0,0.0,10000,5,4.5,38.5,0.0
2026-05-02 13:00:00,0.0,0.0,10000,9,3.0,39.2,0.0
2026-05-02 14:00:00,0.0,0.0,10000,3,3.6,39.5,0.0
2026-05-02 15:00:00,0.0,0.0,10000,23,4.9,39.9,0.0
2026-05-02 16:00:00,0.0,0.0,10000,43,7.8,39.7,0.0
2026-05-02 17:00:00,0.0,0.0,10000,14,11.6,39.5,0.0
2026-05-02 18:00:00,0.0,0.0,10000,43,5.9,36.8,0.0
2026-05-02 19:00:00,0.0,0.0,10000,85,2.1,35.8,0.0
2026-05-02 20:00:00,0.0,0.0,10000,91,7.2,33.7,0.0
2026-05-02 21:00:00,0.0,0.0,10000,86,4.7,32.0,0.0
2026-05-02 22:00:00,0.0,0.0,10000,41,1.1,32.0,0.0
2026-05-02 23:00:00,0.0,0.0,10000,77,18.7,31.4,0.0
2026-05-03 00:00:00,0.0,0.0,10000,13,17.1,31.6,0.0
2026-05-03 01:00:00,0.0,0.0,10000,45,16.6,30.8,0.0
2026-05-03 02:00:00,0.0,0.0,10000,100,16.3,30.0,0.0
2026-05-03 03:00:00,0.0,0.0,10000,96,14.5,29.1,0.0
2026-05-03 04:00:00,0.0,0.0,10000,84,13.6,28.5,0.0
2026-05-03 05:00:00,0.0,0.0,10000,98,10.4,28.4,0.0
2026-05-03 06:00:00,0.0,0.0,10000,84,10.9,29.0,0.0
2026-05-03 07:00:00,0.0,0.0,10000,8,12.4,30.5,0.0
2026-05-03 08:00:00,0.0,0.0,10000,0,14.7,32.4,0.0
2026-05-03 09:00:00,0.0,0.0,10000,0,16.8,34.6,0.0
2026-05-03 10:00:00,0.0,0.0,10000,13,17.0,36.8,0.0
2026-05-03 11:00:00,0.0,0.0,10000,11,15.0,37.5,0.0
2026-05-03 12:00:00,0.0,0.0,10000,69,14.9,39.2,0.0
2026-05-03 13:00:00,0.0,0.0,10000,84,14.1,40.0,0.0
2026-05-03 14:00:00,0.0,0.0,10000,53,12.8,40.3,0.0
2026-05-03 15:00:00,0.0,0.0,10000,32,12.1,40.5,0.0
2026-05-03 16:00:00,0.0,0.0,10000,24,11.3,40.0,0.0
2026-05-03 17:00:00,0.0,0.0,10000,13,13.0,39.0,0.0
2026-05-03 18:00:00,0.0,0.0,10000,18,6.6,36.6,0.0
2026-05-03 19:00:00,0.0,0.0,10000,24,4.5,34.8,0.0
2026-05-03 20:00:00,0.0,0.0,10000,0,2.3,33.7,0.0
2026-05-03 21:00:00,0.0,0.0,10000,4,3.1,32.8,0.0
2026-05-03 22:00:00,0.0,0.0,10000,16,0.4,32.5,0.0
2026-05-03 23:00:00,0.0,0.0,10000,25,9.4,29.9,0.0
2026-05-04 00:00:00,0.0,0.0,10000,15,10.6,30.0,0.0
2026-05-04 01:00:00,0.0,0.0,10000,0,9.7,29.5,0.0
2026-05-04 02:00:00,0.0,0.0,10000,0,10.2,29.6,0.0
2026-05-04 03:00:00,0.0,0.0,10000,0,8.3,28.7,0.0
2026-05-04 04:00:00,0.0,0.0,10000,0,7.8,27.8,0.0
2026-05-04 05:00:00,0.0,0.0,10000,0,5.4,26.2,0.0
2026-05-04 06:00:00,0.0,0.0,10000,0,4.1,27.4,0.0
2026-05-04 07:00:00,0.0,0.0,10000,0,6.7,29.5,0.0
2026-05-04 08:00:00,0.0,0.0,10000,0,11.1,31.3,0.0
2026-05-04 09:00:00,0.0,0.0,10000,0,11.1,33.4,0.0
2026-05-04 10:00:00,0.0,0.0,10000,0,10.7,35.5,0.0
2026-05-04 11:00:00,0.0,0.0,10000,0,9.4,35.9,0.0
2026-05-04 12:00:00,0.0,0.0,10000,0,9.0,37.7,0.0
2026-05-04 13:00:00,0.0,0.0,10000,0,8.1,38.7,0.0
2026-05-04 14:00:00,0.0,0.0,10000,0,6.1,39.1,0.0
2026-05-04 15:00:00,0.0,0.0,10000,0,4.8,39.2,0.0
2026-05-04 16:00:00,0.0,0.0,10000,0,3.1,39.0,0.0
2026-05-04 17:00:00,0.0,0.0,10000,3,11.4,38.5,0.0
2026-05-04 18:00:00,0.0,0.0,10000,0,10.3,36.3,0.0
2026-05-04 19:00:00,0.0,0.0,10000,0,6.8,33.5,0.0
2026-05-04 20:00:00,0.0,0.0,10000,0,0.4,32.6,0.0
2026-05-04 21:00:00,0.0,0.0,10000,0,0.9,31.5,0.0
2026-05-04 22:00:00,0.0,0.0,10000,0,2.2,31.5,0.0
2026-05-04 23:00:00,0.0,0.0,10000,0,3.1,30.5,0.0
2026-05-05 00:00:00,0.0,0.0,10000,0,5.7,28.9,0.0
2026-05-05 01:00:00,0.0,0.0,10000,0,17.0,29.5,0.0
2026-05-05 02:00:00,0.0,0.0,10000,0,19.4,29.5,0.0
2026-05-05 03:00:00,0.0,0.0,10000,0,3.6,27.5,0.0
2026-05-05 04:00:00,0.0,0.0,10000,0,7.8,26.1,0.0
2026-05-05 05:00:00,0.0,0.0,10000,0,1.1,26.0,0.0
2026-05-05 06:00:00,0.0,0.0,10000,0,2.4,26.5,0.0
2026-05-05 07:00:00,0.0,0.0,10000,0,5.5,29.6,0.0
2026-05-05 08:00:00,0.0,0.0,10000,0,8.6,32.3,0.0
2026-05-05 09:00:00,0.0,0.0,10000,0,9.2,34.2,0.0
2026-05-05 10:00:00,0.0,0.0,10000,0,9.2,36.3,0.0
2026-05-05 11:00:00,0.0,0.0,10000,6,8.7,37.0,0.0
2026-05-05 12:00:00,0.0,0.0,10000,41,6.7,38.3,0.0
2026-05-05 13:00:00,0.0,0.0,10000,10,6.2,39.0,0.0
2026-05-05 14:00:00,0.0,0.0,10000,4,6.1,39.5,0.0
2026-05-05 15:00:00,0.0,0.0,10000,17,9.5,39.6,0.0
2026-05-05 16:00:00,0.0,0.0,10000,30,14.2,39.0,0.0
2026-05-05 17:00:00,0.0,0.0,10000,39,2.4,39.1,0.0
2026-05-05 18:00:00,0.0,0.0,10000,27,2.8,36.8,0.0
2026-05-05 19:00:00,0.0,0.0,10000,80,4.0,34.7,0.0
2026-05-05 20:00:00,0.0,0.0,10000,86,4.0,33.1,0.0
2026-05-05 21:00:00,0.0,0.0,10000,95,1.1,32.8,0.0
2026-05-05 22:00:00,0.0,0.0,10000,87,16.4,32.3,0.0
2026-05-05 23:00:00,0.0,0.0,10000,87,18.3,31.2,0.0
2026-05-06 00:00:00,0.0,0.0,10000,2,11.4,29.9,0.0
2026-05-06 01:00:00,0.0,0.0,10000,20,4.8,28.3,0.0
2026-05-06 02:00:00,0.0,0.0,10000,30,2.2,28.1,0.0
2026-05-06 03:00:00,0.0,0.0,10000,0,6.9,27.8,0.0
2026-05-06 04:00:00,0.0,0.0,10000,0,6.9,26.7,0.0
2026-05-06 05:00:00,0.0,0.0,10000,14,5.5,26.4,0.0
2026-05-06 06:00:00,0.0,0.0,10000,0,8.0,27.5,0.0
2026-05-06 07:00:00,0.0,0.0,10000,0,11.0,29.5,0.0
2026-05-06 08:00:00,0.0,0.0,10000,0,12.9,31.3,0.0
2026-05-06 09:00:00,0.0,0.0,10000,4,11.9,32.9,0.0
2026-05-06 10:00:00,0.0,0.0,10000,4,11.3,34.5,0.0
2026-05-06 11:00:00,0.0,0.0,10000,28,9.3,34.8,0.0
2026-05-06 12:00:00,0.0,0.0,10000,10,11.7,36.0,0.0
2026-05-06 13:00:00,0.0,0.0,10000,9,12.0,36.7,0.0
2026-05-06 14:00:00,0.0,0.0,10000,15,10.9,37.2,0.0
2026-05-06 15:00:00,0.0,0.0,10000,30,11.2,37.2,0.0
2026-05-06 16:00:00,0.0,0.0,10000,38,13.2,36.3,0.0
2026-05-06 17:00:00,0.0,0.0,10000,53,13.1,36.2,0.0
2026-05-06 18:00:00,0.0,0.0,10000,34,12.7,35.0,0.0
2026-05-06 19:00:00,0.0,0.0,10000,12,13.0,34.2,0.0
2026-05-06 20:00:00,0.0,0.0,10000,2,18.1,33.4,0.0
2026-05-06 21:00:00,0.0,0.0,10000,2,18.0,32.4,0.0
2026-05-06 22:00:00,0.0,0.0,10000,20,14.8,31.7,0.0
2026-05-06 23:00:00,0.0,0.0,10000,7,12.6,31.1,0.0
